[
	{
		"name": "Asocimano",
		"startDate": "2017-08-23",
		"endDate": "2017-08-26",
		"locations":[
			{
				"id":"A1",
				"name":"Salón: Sala de Juntas"
			},
			{
				"id":"A2",
				"name":"Salón: Grill 1"
			},
			{
				"id":"A3",
				"name":"Salón: Fundadores"
			},
			{
				"id":"A4",
				"name":"Salón: Grill 2"
			},
			{
				"id":"A5",
				"name":"Terraza Club Campestre / Terrace Countru Club"
			}
		],

		"activities" : [
			{
				"name":"Reunión Junta Directiva - Board meeting",
				"description":"",
				"startTime": "2017-08-23T12:00",
				"endTime":"2017-08-23T14:00",
				"location":"A1",
				"responsibles": ["Junta Directiva - Board of Directors"],
				"indexed":true
			},

			{
				"name":"Reunión Gremial - Sintrauma",
				"description":"Union Meeting",
				"startTime": "2017-08-23T14:00",
				"endTime":"2017-08-23T16:00",
				"location":"A2",
				"responsibles": ["Dr. Julián Escobar"],
				"indexed":true
			},

			{
				"name":"La tarde del Residente",
				"description":"Un repaso en anatomía y biomecánica del carpo.",
				"startTime": "2017-08-23T18:00",
				"endTime":"2017-08-23T19:00",
				"location":"A3",
				"responsibles": ["Dr. Marc García Elias", "Dr. Douglas Campbell"],
				"indexed":true
			},

			{
				"name":"Montaje Muestra Científica - Scientific Sample Assembly",
				"description":"",
				"startTime": "2017-08-23T08:00",
				"endTime":"2017-08-23T23:00",
				"location":"",
				"responsibles": [],
				"indexed":false
			},

			{
				"name":"Inscripciones - Inscriptions",
				"description":"",
				"startTime": "2017-08-24T07:30",
				"endTime":"2017-08-24T08:30",
				"location":"A3",
				"responsibles": [],
				"indexed":true
			},

			{
				"name":"Trabajos de Ingreso - Papers Presentation",
				"description":"",
				"startTime": "2017-08-24T08:30",
				"endTime":"2017-08-24T10:00",
				"location":"A3",
				"responsibles":["Dra. Aida García"],
				"indexed":true,
				"activityItems":[
					{
						"name":"TI03",
						"description":"Anatomía de las ramas sensitivas del nervio mediano y cubital en la mano y antebrazo – aplicación en la técnica de transferencia nerviosa para la recuperación de sensibilidad protectora en el aspecto radial de la mano.",
						"startTime": "2017-08-24T08:30",
						"endTime":"2017-08-24T08:40",
						"location":"A3",
						"responsibles":["Dr. Guillermo González"]
					},
					{
						"name":"TI04",
						"description":"Transferencia nerviosa para la recuperación de la sensibilidad en el aspecto cubital de la mano – desarrollo a partir de la anatomía de las ramas sensitivas del nervio mediano y cubital en la mano y el antebrazo.",
						"startTime": "2017-08-24T08:40",
						"endTime":"2017-08-24T08:50",
						"location":"A3",
						"responsibles":["Dr. Sergio Bocanegra"]
					},
					{
						"name":"TI05",
						"description":"Transferencia muscular funcional de la porción baja del trapecio en hombro paralítico, ipsilateral y contralateral.",
						"startTime": "2017-08-24T08:50",
						"endTime":"2017-08-24T09:00",
						"location":"A3",
						"responsibles":["Dr. Andrés Arango"]
					},
					{
						"name":"TI06",
						"description":"Resultados de liberación endoscópica de túnel del carpo en la Fundación Valle del Lili: 4 años de experiencia",
						"startTime": "2017-08-24T09:00",
						"endTime":"2017-08-24T09:10",
						"location":"A3",
						"responsibles":["Dr. Álvaro Lombana"]
					},
					{
						"name":"TI07",
						"description":"Resultados de reconstrucción de pulgar con colgajo neurovascular hetero digital usando transferencia de nervio.",
						"startTime": "2017-08-24T09:10",
						"endTime":"2017-08-24T09:20",
						"location":"A3",
						"responsibles":["Dr. Hugo Campo"]
					},
					{
						"name":"TI08",
						"description":"Nueva técnica para para corrección de mal unión de radio distal: Osteotomía en doble cuña.",
						"startTime": "2017-08-24T09:20",
						"endTime":"2017-08-24T09:30",
						"location":"A3",
						"responsibles":["Dra. Lina P. Franco"]
					},
					{
						"name":"TI09",
						"description":"Comparación biomecánica entre un sistema de fijación con clavos de Kirschner cruzados frente a un nuevo sistema de fijación de clavos de Kirschner con bloqueo externo en hueso animal.",
						"startTime": "2017-08-24T09:30",
						"endTime":"2017-08-24T09:40",
						"location":"A3",
						"responsibles":["Dr. Dallan Hernández"]
					},
					{
						"name":"TI10",
						"description":"Protocolo de rehabilitación autónoma controlada en pacientes con reparación de los tendones flexores de los dedos de la mano. Serie de Casos",
						"startTime": "2017-08-24T09:40",
						"endTime":"2017-08-24T09:50",
						"location":"A3",
						"responsibles":["Dra. Bárbara Gómez"]
					},
					{
						"name":"TI11",
						"description":"Técnica Autoinjerto de 360 grados para disociación crónica escafo-lunar y luno-piramidal: revisión de la técnica y discusión de resultados.",
						"startTime": "2017-08-24T09:50",
						"endTime":"2017-08-24T10:00",
						"location":"A3",
						"responsibles":["Dr. Juan Guillermo Ramírez"]
					}
				]
			},

			{
				"name":"Coffe Break",
				"description":"",
				"startTime": "2017-08-24T10:00",
				"endTime":"2017-08-24T10:30",
				"location":"A3",
				"responsibles": [],
				"indexed":false
			},

			{
				"name":"Módulo I Complicaciones y situaciones especiales en fracturas del radio distal / Complications and special situations in distal radius fractures",
				"description":"",
				"startTime": "2017-08-24T10:30",
				"endTime":"2017-08-24T11:30",
				"location":"A3",
				"responsibles": ["Dr. Alejandro Sandoval"],
				"indexed":true,
				"activityItems":[
					{
						"name":"Malaunion de radio distal, Tips como evitarla / Distal radius malunion , how to avoid it.",
						"description":"",
						"startTime": "2017-08-24T10:30",
						"endTime":"2017-08-24T10:40",
						"location":"A3",
						"responsibles":["Dr. Jorge Martínez"]
					},
					{
						"name":"Rupturas tendinosas, Como diagnosticarlas, ¿qué hacer y cuando? / Tendons ruptures, how to do the diagnose, what to do and when?",
						"description":"",
						"startTime": "2017-08-24T10:40",
						"endTime":"2017-08-24T10:50",
						"location":"A3",
						"responsibles":["Dr. Álvaro Kafuri"]
					},
					{
						"name":"Fijación intramedular en radio distal / Intramedullary fixation in distal radius.",
						"description":"",
						"startTime": "2017-08-24T10:50",
						"endTime":"2017-08-24T11:05",
						"location":"A3",
						"responsibles":["Dr. Douglas Campbell"]
					},
					{
						"name":"Fracturas de radio distal en ancianos / Distal radius fractures in the elderly.",
						"description":"",
						"startTime": "2017-08-24T11:05",
						"endTime":"2017-08-24T11:20",
						"location":"A3",
						"responsibles":["Dr. Ramiro Morales"]
					},
					{
						"name":"Preguntas - Questions",
						"description":"",
						"startTime": "2017-08-24T11:20",
						"endTime":"2017-08-24T11:30",
						"location":"A3",
						"responsibles":[]
					}
				]
			},

			{
				"name":"Módulo II Lesiones ligamentarias dedos / Ligament injuries on fingers.",
				"description":"",
				"startTime": "2017-08-24T11:30",
				"endTime":"2017-08-24T12:30",
				"location":"A3",
				"responsibles": ["Dr. Carlos Torres"],
				"indexed":true,
				"activityItems":[
					{
						"name":"Articulación interfalangica proximal de la lesión ligamentaria a la fractura / PIP, from ligament lesion to fractures.",
						"description":"",
						"startTime": "2017-08-24T11:30",
						"endTime":"2017-08-24T11:45",
						"location":"A3",
						"responsibles":["Dr. Wolfgang Hintringer"]
					},
					{
						"name":"Rigidez interfalangica de los dedos ¿Qué hacer? / Interphalangeal stiffness of the fingers, what to do ?",
						"description":"",
						"startTime": "2017-08-24T11:45",
						"endTime":"2017-08-24T11:55",
						"location":"A3",
						"responsibles":["Dr. Carlos Rueda"]
					},
					{
						"name":"Lesión placa volar de los dedos, frecuente? / Volar plate lesion , is frequent ?",
						"description":"",
						"startTime": "2017-08-24T11:55",
						"endTime":"2017-08-24T12:10",
						"location":"A3",
						"responsibles":["Dr. Wolfgang Hintringer"]
					},
					{
						"name":"Lesión de Stener / Stener lesion",
						"description":"",
						"startTime": "2017-08-24T12:10",
						"endTime":"2017-08-24T12:25",
						"location":"A3",
						"responsibles":["Dr. Ramiro Morales"]
					},
					{
						"name":"Preguntas - Questions",
						"description":"",
						"startTime": "2017-08-24T12:25",
						"endTime":"2017-08-24T12:30",
						"location":"A3",
						"responsibles":[]
					}
				]
			},

			{
				"name":"Asamblea ASOCIMANO - Assembly",
				"description":"",
				"startTime": "2017-08-24T12:30",
				"endTime":"2017-08-24T13:30",
				"location":"A3",
				"responsibles": ["Dr. Carlos Torres"],
				"indexed":true
			},

			{
				"name":"Salón: Caracoli",
				"description":"",
				"startTime": "2017-08-24T13:30",
				"endTime":"2017-08-24T14:45",
				"location":"A3",
				"responsibles": [],
				"indexed":true
			},

			{
				"name":"Simposio IBRA - IBRA Symposium. Fracturas especiales del radio distal y su tratamiento /Specific Fractures and Treatment of the distal radius.",
				"description":"",
				"startTime": "2017-08-24T15:00",
				"endTime":"2017-08-24T16:30",
				"location":"A3",
				"responsibles": ["Dr. Luis F. Náquira"],
				"indexed":true,
				"activityItems":[
					{
						"name":"Clasificaciones basades en tomografia /CT-Based classification",
						"description":"",
						"startTime": "2017-08-24T15:00",
						"endTime":"2017-08-24T15:15",
						"location":"A3",
						"responsibles":["Dr. Meisser López"]
					},
					{
						"name":"Problemas con la faceta del lunate ? /Troublesome lunate facet",
						"description":"",
						"startTime": "2017-08-24T15:15",
						"endTime":"2017-08-24T15:30",
						"location":"A3",
						"responsibles":["Dr. Hermann Krimmer"]
					},
					{
						"name":"Estrategias para solucionar fallas tempranas / Strategies in early failures.",
						"description":"",
						"startTime": "2017-08-24T15:30",
						"endTime":"2017-08-24T15:45",
						"location":"A3",
						"responsibles":["Dr. Luis Felipe Naquira"]
					},
					{
						"name":"Artrodesis radio carpiana , una alternativa en fallas tardias ?/RSL fusion , what to do in longstanding failures ?",
						"description":"",
						"startTime": "2017-08-24T15:45",
						"endTime":"2017-08-24T16:00",
						"location":"A3",
						"responsibles":["Dr. Wolfgang Hintringer"]
					},
					{
						"name":"Preguntas /Questions",
						"description":"",
						"startTime": "2017-08-24T16:00",
						"endTime":"2017-08-24T16:15",
						"location":"A3",
						"responsibles":[]
					},
					{
						"name":"Coffe Break",
						"description":"",
						"startTime": "2017-08-24T16:15",
						"endTime":"2017-08-24T16:30",
						"location":"A3",
						"responsibles":[]
					}
				]
			},

			{
				"name":"Ceremonia de Inauguración",
				"description":"",
				"startTime": "2017-08-24T16:30",
				"endTime":"2017-08-24T17:00",
				"location":"A3",
				"responsibles": [],
				"indexed":true
			},

			{
				"name":"Módulo III Problemas ligamentarios del carpo/ Carpal ligament problems",
				"description":"",
				"startTime": "2017-08-24T17:00",
				"endTime":"2017-08-24T18:00",
				"location":"A3",
				"responsibles": ["Dr. Luis F. Naquira"],
				"indexed":true,
				"activityItems":[
					{
						"name":"Biomecanica de la muñeca / Biomechanics of the wrist",
						"description":"",
						"startTime": "2017-08-24T17:00",
						"endTime":"2017-08-24T17:15",
						"location":"A3",
						"responsibles":["Dr. Marc García Elias"]
					},
					{
						"name":"Lesión escafoluando Clasificacion ¿es util? / Scapho-lunate lesion , the classification, it´s useful ?",
						"description":"",
						"startTime": "2017-08-24T17:15",
						"endTime":"2017-08-24T17:30",
						"location":"A3",
						"responsibles":["Dr. Felix Riaño"]
					},
					{
						"name":"Lesión escafolunado mi tratamiento / Scapho-lunate ligament lesion, my treatment.",
						"description":"",
						"startTime": "2017-08-24T17:30",
						"endTime":"2017-08-24T17:45",
						"location":"A3",
						"responsibles":["Dr. Marc García Elias"]
					},
					{
						"name":"Lesión escafolunado Tratamiento artroscopico / Scapho-lunate ligament lesion, arthroscopic treatment",
						"description":"",
						"startTime": "2017-08-24T17:45",
						"endTime":"2017-08-24T18:00",
						"location":"A3",
						"responsibles":["Dr. Jan-Ragnar Hausgstvedt "]
					}
				]
			},

			{
				"name":"Salida al Cerro El Santísimo -Cocktail at the Santisimo Hill (transport from the club)",
				"description":"",
				"startTime": "2017-08-24T18:00",
				"endTime":"2017-08-24T18:30",
				"location":"A3",
				"responsibles": [],
				"indexed":true
			},

			{
				"name":"Cocktail de Bienvenida / Welcome cocktail DIVERQUIN",
				"description":"Cerro el Santísimo / The Santisimo Hill",
				"startTime": "2017-08-24T19:00",
				"endTime":"2017-08-24T21:40",
				"location":"A3",
				"responsibles": [],
				"indexed":true
			},

			{
				"name":"Inscripciones- Inscriptions",
				"description":"",
				"startTime": "2017-08-24T07:30",
				"endTime":"2017-08-24T08:30",
				"location":"A4",
				"responsibles": [],
				"indexed":true
			},

			{
				"name":"Trabajos Libres - Papers Presentation",
				"description":"",
				"startTime": "2017-08-24T08:30",
				"endTime":"2017-08-24T10:00",
				"location":"A4",
				"responsibles": ["Dr. Alejandro Sandoval"],
				"indexed":true,
				"activityItems":[
					{
						"name":"TL03",
						"description":"Resultados funcionales y de electrodiagnóstico en paciente con síndrome del túnel del carpo luego de la liberación quirúrgica.",
						"startTime": "2017-08-24T08:30",
						"endTime":"2017-08-24T08:38",
						"location":"A4",
						"responsibles":["Dr. Enrique Vergara","Dr. Wilson Tovar Cuellar", "Dr. Juan Manuel Viveros Carreño"]
					},
					{
						"name":"TL05",
						"description":"Regeneración y reparación tendinosa con medios condicionados de células madres. Estudio experimental en conejos.",
						"startTime": "2017-08-24T08:38",
						"endTime":"2017-08-24T08:46",
						"location":"A4",
						"responsibles":["Dr. Enrique Vergara", "Dr. Orlando Chaparro", "Dra. Lina Jaramillo Barberi", "Dr. Agustin Zapata Acosta"]
					},
					{
						"name":"TL09",
						"description":"Fracturas del escafoides carpiano, descripción de las lesiones asociadas y resultados del tratamiento.",
						"startTime": "2017-08-24T08:46",
						"endTime":"2017-08-24T08:54",
						"location":"A4",
						"responsibles":["Dr. Elkin Lozano", "Dr. Luis Carlos Díaz Batlle", "Dr. Gabriel Fletscher", "Dr. Juan Sebastián Vargas H."]
					},
					{
						"name":"TL13",
						"description":"Evaluación post operatoria reciente y tardía del tratamiento quirúrgico de la lesión de Stener en pacientes activos del Hospital de Carabineros utilizando ancla como medio de inserción.",
						"startTime": "2017-08-24T08:54",
						"endTime":"2017-08-24T09:02",
						"location":"A4",
						"responsibles":["Dr Oscar Ahumado", "Dr. Javier Palma Pinto", "Dr. Nicolás Bustinza Loayza", "Dra. Inta Macarena Ahumada Benedetto."]
					},
					{
						"name":"TL16",
						"description":"Reconstrucción del ligamento colateral Ulnar en lesiones metacarpofalangicas crónicas del pulgar; Modificación de una técnica.",
						"startTime": "2017-08-24T09:02",
						"endTime":"2017-08-24T09:10",
						"location":"A4",
						"responsibles":["Dr. Fidel Cañon"]
					},
					{
						"name":"TL17",
						"description":"Resultados radiologicos y funcionales de pacientes con fractura de falange proximal manejados con reduccion cerrada y fijacion percutanea.",
						"startTime": "2017-08-24T09:10",
						"endTime":"2017-08-24T09:18",
						"location":"A4",
						"responsibles":["Dra. Viviana Cortes", "Dr. Guillermo Varón", "Dr. Carlos Arroyo", "Dr. Cesar Abril", "Dr. Helman Monrroy", "Dr. Julio Nomesque", "Dr. Juan Hoyos", "Dra. Valeria Cadena", "Dr.Sebastián Garavitov"]
					},
					{
						"name":"TL18",
						"description":"Resultados funcionales de la artroplastia trapecio metacarpiana con tenosuspención del abductor policis longus con técnica de Zancolli en pacientes con rizartrosis.",
						"startTime": "2017-08-24T09:18",
						"endTime":"2017-08-24T09:26",
						"location":"A4",
						"responsibles":["Dr. Carlos Arroyo", "Dr. Helman Monroy Zambrano", "Dr. Guillermo Varon Plata", "Dr. Cesar Abril Gaona", "Dra. Viviana Cortes Buitrago", "Dra. Liseth Marcela Gamboa Blanco"]
					},
					{
						"name":"TL20",
						"description":"Rendimiento diagnóstico de las pruebas clínicas y nueva propuesta en síndrome de túnel del carpo.",
						"startTime": "2017-08-24T09:26",
						"endTime":"2017-08-24T09:34",
						"location":"A4",
						"responsibles":["Dr. Enrique Vergara", "Dr. Francisco Javier Lores García", "Dr. José Tomás Martínez Villegas."]
					},
					{
						"name":"TL21",
						"description":"Lesiones de los tendones flexores en niños. A propósito de una serie de casos.",
						"startTime": "2017-08-24T09:34",
						"endTime":"2017-08-24T09:42",
						"location":"A4",
						"responsibles":["Dr. Enrique Vergara", "Dr. Manuel A. Hernández Solano"]
					}
				]
			},
			{
				"name":"Módulo IV Patologias de Consulta externa - Common pathologies",
				"description":"",
				"startTime": "2017-08-25T08:00",
				"endTime":"2017-08-25T10:00",
				"location":"A3",
				"responsibles": ["Dr. Elkin Lozano"],
				"indexed":true,
				"activityItems":[
					{
						"name":"Enfermedad de dupuytren Mi tratamiento / Dupuytren´s disease , my treatment.",
						"description":"",
						"startTime": "2017-08-25T08:00",
						"endTime":"2017-08-25T08:15",
						"location":"A3",
						"responsibles":["Dr. Roy Meals"]
					},
					{
						"name":"Dolor en la radio cubital distal , una posibilidad de tratamiento con osteotomía correctora / Correction osteotomy around the painful DRUJ.",
						"description":"",
						"startTime": "2017-08-25T08:15",
						"endTime":"2017-08-25T08:30",
						"location":"A3",
						"responsibles":["Dr Hermann Krimmer"]
					},
					{
						"name":"Enfermedad de Preiser ¿Qué hacer?",
						"description":"",
						"startTime": "2017-08-25T08:30",
						"endTime":"2017-08-25T08:40",
						"location":"A3",
						"responsibles":["Dr. Carlos González"]
					},
					{
						"name":"Sindrome del tunel del carpo ¿Por que cirugía abierta mini open? / Carpal tunnel syndrome, why mini open thecnique ?",
						"description":"",
						"startTime": "2017-08-25T08:40",
						"endTime":"2017-08-25T08:50",
						"location":"A3",
						"responsibles":["Dr. Jose Ignacio Bravo"]
					},
					{
						"name":"Sindrome del tunel del carpo ¿Por que cirugía endoscopica ?",
						"description":"",
						"startTime": "2017-08-25T08:50",
						"endTime":"2017-08-25T09:00",
						"location":"A3",
						"responsibles":["Dr. Raúl Sastre"]
					},
					{
						"name":"Tenosinovitis De Quervain ¿Hay algo nuevo? / De Quervain´s tenosynovitis, something new?",
						"description":"",
						"startTime": "2017-08-25T09:00",
						"endTime":"2017-08-25T09:15",
						"location":"A3",
						"responsibles":["Dr. Roy Meals"]
					},
					{
						"name":"Lesiones de los nervios periféricos: Nuevas perspectivas",
						"description":"",
						"startTime": "2017-08-25T09:15",
						"endTime":"2017-08-25T09:30",
						"location":"A3",
						"responsibles":["Dra. Pilar Pradilla"]
					},
					{
						"name":"Preguntas - Questions",
						"description":"",
						"startTime": "2017-08-25T09:30",
						"endTime":"2017-08-25T09:40",
						"location":"A3",
						"responsibles":[]
					},
					{
						"name":"La fijacion externa aplicada a la fabricación de modelos de barcos",
						"description":"",
						"startTime": "2017-08-25T09:40",
						"endTime":"2017-08-25T10:00",
						"location":"A3",
						"responsibles":["Dr. Felix Borrero"]
					}
				]
			},
			{
				"name":"Coffe Break",
				"description":"",
				"startTime": "2017-08-25T10:00",
				"endTime":"2017-08-25T10:30",
				"location":"A3",
				"responsibles": [],
				"indexed":false
			},
			{
				"name":"Simposio EWAS Aplicación de la artroscopia en la cirugía de mano / EWAS symposium. Application of the arthroscopy in the hand surgery",
				"description":"",
				"startTime": "2017-08-25T10:30",
				"endTime":"2017-08-25T12:00",
				"location":"A3",
				"responsibles": ["Dr. Fabio Suárez"],
				"indexed":true,
				"activityItems":[
					{
						"name":"Biomecánica de la radio ulnar distal / Biomechanics of the distal radio ulnar joint.",
						"description":"",
						"startTime": "2017-08-25T10:30",
						"endTime":"2017-08-25T10:45",
						"location":"A3",
						"responsibles":["Dr. Jan-Ragnar Hausgstvedt"]
					},
					{
						"name":"Fracturas de escafoides asistidas por artroscopia / Arthroscopic assisted scaphoid fractures.",
						"description":"",
						"startTime": "2017-08-25T10:45",
						"endTime":"2017-08-25T11:00",
						"location":"A3",
						"responsibles":["Dr. Fabio Suárez"]
					},
					{
						"name":"Tratamiento de las lesiones luno triquetales por artroscopia / Arthroscopic management if the lunotriquetral ligament injuries.",
						"description":"",
						"startTime": "2017-08-25T11:00",
						"endTime":"2017-08-25T11:15",
						"location":"A3",
						"responsibles":["Dr. Jan-Ragnar Hausgstvedt"]
					},
					{
						"name":"Fracturas de radio asistidas por artroscopia / Distal radius fractures assisted by arthroscopy.",
						"description":"",
						"startTime": "2017-08-25T11:15",
						"endTime":"2017-08-25T11:30",
						"location":"A3",
						"responsibles":["Dr. Jaime Forigua"]
					},
					{
						"name":"Reparación fibrocartílago triangular por artroscopia / Arthroscopic repair of the TFCC.",
						"description":"Dr. Jan-Ragnar Hausgstvedt",
						"startTime": "2017-08-25T11:30",
						"endTime":"2017-08-25T11:45",
						"location":"A3",
						"responsibles":[]
					},
					{
						"name":"Preguntas - Questions",
						"description":"",
						"startTime": "2017-08-25T11:45",
						"endTime":"2017-08-25T12:00",
						"location":"A3",
						"responsibles":[]
					}
				]
			},
			{
				"name":"Talleres - Workshops",
				"description":"J&J",
				"startTime": "2017-08-25T12:00",
				"endTime":"2017-08-25T14:30",
				"location":"A3",
				"responsibles": [],
				"indexed":true
			},
			{
				"name":"Talleres - Workshops",
				"description":"Tienken&J",
				"startTime": "2017-08-25T12:00",
				"endTime":"2017-08-25T14:30",
				"location":"A2",
				"responsibles": [],
				"indexed":true
			},
			{
				"name":"Talleres - Workshops",
				"description":"DIVERQUIN",
				"startTime": "2017-08-25T12:00",
				"endTime":"2017-08-25T14:30",
				"location":"A4",
				"responsibles": [],
				"indexed":true
			},
			{
				"name":"Módulo V Trauma y artrosis de la mano / Trauma and osteoarthrosis in the hand",
				"description":"",
				"startTime": "2017-08-25T14:30",
				"endTime":"2017-08-25T17:00",
				"location":"A3",
				"responsibles": ["Moderador: Dr. Alejandor Sandoval"],
				"indexed":true,
				"activityItems":[
					{
						"name":"Resección de la primera fila del carpo ¿Cuándo hacerla?",
						"description":"",
						"startTime": "2017-08-25T14:30",
						"endTime":"2017-08-25T14:45",
						"location":"A3",
						"responsibles":["Dra. Pilar Pradilla"]
					},
					{
						"name":"Artrodesis lunocapitada ¿Cuándo hacerla? / Capitohamate arthrodesis , when ?",
						"description":"",
						"startTime": "2017-08-25T14:45",
						"endTime":"2017-08-25T15:00",
						"location":"A3",
						"responsibles":["Dr. Julian Escobar"]
					},
					{
						"name":"Artrosis Trapeciometacarpiana MI enfoque de manejo/ CMC joint degenerative arthritis of the thumb , my approach.",
						"description":"",
						"startTime": "2017-08-25T15:00",
						"endTime":"2017-08-25T15:15",
						"location":"A3",
						"responsibles":["Dr. Roy Meals"]
					},
					{
						"name":"Luxación de los dedos ¿Qué hacer? / Dislocation of the fingers , what to do ?",
						"description":"",
						"startTime": "2017-08-25T15:15",
						"endTime":"2017-08-25T15:30",
						"location":"A3",
						"responsibles":["Dra. Pilar Pradilla"]
					},
					{
						"name":"Coffe Break",
						"description":"",
						"startTime": "2017-08-25T15:30",
						"endTime":"2017-08-25T16:00",
						"location":"A3",
						"responsibles":[]
					},
					{
						"name":"Fracturas del carpo excepto el escafoides / Carpal fractures except scaphoid.",
						"description":"",
						"startTime": "2017-08-25T16:00",
						"endTime":"2017-08-25T16:10",
						"location":"A3",
						"responsibles":["Dr. Luis F. Náquira"]
					},
					{
						"name":"Artrosis interfalgica distal ¿Siempre Operar? / Osteoarthritis of the distal interphalangeal, always for surgery ?",
						"description":"",
						"startTime": "2017-08-25T16:10",
						"endTime":"2017-08-25T16:20",
						"location":"A3",
						"responsibles":["Dra. Constanza Moreno"]
					},
					{
						"name":"Fracturas de la base del pulgar , la importancia de la rehabilitación.",
						"description":"",
						"startTime": "2017-08-25T16:20",
						"endTime":"2017-08-25T16:35",
						"location":"A3",
						"responsibles":["Ft. Adiela Estrada"]
					},
					{
						"name":"Artrodesis 4 esquinas ¿Cuándo hacerla? / Four-corner fusion, when to do it",
						"description":"",
						"startTime": "2017-08-25T16:35",
						"endTime":"2017-08-25T16:50",
						"location":"A3",
						"responsibles":["Dr. Marc García Elias"]
					},
					{
						"name":"Preguntas - Questions",
						"description":"",
						"startTime": "2017-08-25T16:50",
						"endTime":"2017-08-25T17:00",
						"location":"A3",
						"responsibles":[]
					}
				]
			},
			{
				"name":"Cena de Clausura / Closing Dinner",
				"description":"",
				"startTime": "2017-08-25T17:00",
				"endTime":"2017-08-25T14:30",
				"location":"A5",
				"responsibles": [],
				"indexed":true
			},
			{
				"name":"Trabajos Libres",
				"description":"",
				"startTime": "2017-08-26T08:00",
				"endTime":"2017-08-26T09:00",
				"location":"A3",
				"responsibles": ["Dr. Carlos Torres"],
				"indexed":true,
				"activityItems":[
					{
						"name":"TL22",
						"description":"Artroplastia de suspensión con Mini TightRope, una serie de reporte de casos de pacientes sometidos a este procedimiento en dos instituciones del suroccidente colombiano.",
						"startTime": "2017-08-26T08:00",
						"endTime":"2017-08-26T08:08",
						"location":"A3",
						"responsibles":["Dr. Hugo Campo", "Dr. Álvaro Jose Lombana", "Dra. Marlin Lizette Trochez"]
					},
					{
						"name":"TL23",
						"description":"Manejo quirúrgico de la fractura del cuello del quinto metacarpiano con reduccion abierta y osteosintesis con placa vs reduccion cerrada y osteosintesis con clavos endomedulares anterogrados.",
						"startTime": "2017-08-26T08:08",
						"endTime":"2017-08-26T08:16",
						"location":"A3",
						"responsibles":["Dr. Alejandro Sandoval", "Dr. Hugo Darío Campo Martínez", "Dr. Álvaro Jose Lomabana", "Dr. Juan Manuel Concha", "Dr. Frank Mendez"]
					},
					{
						"name":"TL24",
						"description":"Técnica de liberacion progresiva para la luxacion inveterada de hombro.",
						"startTime": "2017-08-26T08:16",
						"endTime":"2017-08-26T08:24",
						"location":"A3",
						"responsibles":["Dr. Jhon F Castañeda", "Dr. Eduardo Alejandro González Osorio"]
					},
					{
						"name":"TL25",
						"description":"Injerto de tendon flexor en un solo tiempo con Silastic. seguimiento a 10 años.",
						"startTime": "2017-08-26T08:24",
						"endTime":"2017-08-26T08:32",
						"location":"A3",
						"responsibles":["Dr. Jhon F Castañeda", "Dr. Germán Hernadez", "Dr. Ricardo Galan"]
					},
					{
						"name":"TL26",
						"description":"Correlación Anatómico -Topográfica y Endoscópica de los márgenes de seguridad en la liberación endoscópica del túnel carpiano.",
						"startTime": "2017-08-26T08:32",
						"endTime":"2017-08-26T08:40",
						"location":"A3",
						"responsibles":["Dr. Felix Riaño", "Dr. Fabio Alfonso Suárez Romero", "Dr. Carlos Arroyo Sánchez"]
					},
					{
						"name":"TL27",
						"description":"Avances en la Reparación y Reconstrucción del ligamento colateral ulnar de la metacarpo-falangica del pulgar: descripción de la tecnica y presentación de casos.",
						"startTime": "2017-08-26T08:40",
						"endTime":"2017-08-26T08:48",
						"location":"A3",
						"responsibles":["Dr. Felix Riaño", "Dr. Fabio Alfonso Suarez Romero", "Dra. Aida García", "Dr. Luis Felipe Naquira"]
					},
					{
						"name":"TL28",
						"description":"Resultados clínicos y radiológicos a largo plazo del tratamiento quirúrgico de fracturas inestables de radio distal con placas en una gran cohorte Colombiana.",
						"startTime": "2017-08-26T08:48",
						"endTime":"2017-08-26T08:56",
						"location":"A3",
						"responsibles":["Dr. Carlos Gonzalez", "Dr. David Andrés Suárez Cardona", "Dr. Daniel Vanegas Isaza", "Dr. Camilo Restrepo Rodriguez", "Dra. Ana Milena Herrera Torres"]
					}
				]
			},
			{
				"name":"AO Hand Day",
				"description":"",
				"startTime": "2017-08-26T09:00",
				"endTime":"2017-08-26T10:30",
				"location":"A3",
				"responsibles": ["Dra. María Cristina Rodríguez"],
				"indexed":true,
				"activityItems":[
					{
						"name":"Fracturas de falanges / Fractures of the phalanges",
						"description":"",
						"startTime": "2017-08-26T09:00",
						"endTime":"2017-08-26T09:15",
						"location":"A3",
						"responsibles":["Dr. Douglas Campbell"]
					},
					{
						"name":"Fracturas del 5 metacarpiano mi tratamiento / Fracture of the 5th metacarpal , my treatment.",
						"description":"",
						"startTime": "2017-08-26T09:15",
						"endTime":"2017-08-26T09:25",
						"location":"A3",
						"responsibles":["Dr. Alejandro García"]
					},
					{
						"name":"Fracturas de la base del pulgar / Fractures of the base of the thumb",
						"description":"",
						"startTime": "2017-08-26T09:25",
						"endTime":"2017-08-26T09:40",
						"location":"A3",
						"responsibles":["Dr. Douglas Campbell"]
					},
					{
						"name":"Triada terrible, realmente terrible / Terrible triad , really terrible ?",
						"description":"",
						"startTime": "2017-08-26T09:40",
						"endTime":"2017-08-26T09:50",
						"location":"A3",
						"responsibles":["Dra. Maria Cristina Rodríguez"]
					},
					{
						"name":"Artrodesis de puño, como y cuando / Wrist fusion , how and when ?",
						"description":"",
						"startTime": "2017-08-26T09:50",
						"endTime":"2017-08-26T10:05",
						"location":"A3",
						"responsibles":["Dr. Douglas Campbell"]
					},
					{
						"name":"Fracturas de antebrazo, estado del arte / Forearm fractures , what´s new",
						"description":"",
						"startTime": "2017-08-26T10:05",
						"endTime":"2017-08-26T10:20",
						"location":"A3",
						"responsibles":["Dr. Ramiro Morales"]
					},
					{
						"name":"Preguntas - Questions",
						"description":"",
						"startTime": "2017-08-26T10:20",
						"endTime":"2017-08-26T10:30",
						"location":"A3",
						"responsibles":[]
					}
				]
			},
			{
				"name":"Coffe Break",
				"description":"",
				"startTime": "2017-08-26T10:30",
				"endTime":"2017-08-26T11:00",
				"location":"A3",
				"responsibles": [],
				"indexed":true
			},
			{
				"name":"Módulo V Lesiones del codo - Elbow injuries",
				"description":"",
				"startTime": "2017-08-26T11:00",
				"endTime":"2017-08-26T12:30",
				"location":"A3",
				"responsibles": ["Dr Carlos Arroyo"],
				"indexed":true,
				"activityItems":[
					{
						"name":"Tranferencias tendinosas para flexión de codo",
						"description":"",
						"startTime": "2017-08-26T11:00",
						"endTime":"2017-08-26T11:10",
						"location":"A3",
						"responsibles":["Dr. Enrique Vergara"]
					},
					{
						"name":"El papel del supinador en la epicondilitis lateral",
						"description":"",
						"startTime": "2017-08-26T11:10",
						"endTime":"2017-08-26T11:20",
						"location":"A3",
						"responsibles":["Dr. Jairo Gómez"]
					},
					{
						"name":"Codo rigido Mi abordaje",
						"description":"",
						"startTime": "2017-08-26T11:20",
						"endTime":"2017-08-26T11:30",
						"location":"A3",
						"responsibles":["Dr. Carlos Arroyo"]
					},
					{
						"name":"Fracturas de cupula radial , ¿osteosintesis o reemplazo ?",
						"description":"",
						"startTime": "2017-08-26T11:30",
						"endTime":"2017-08-26T11:40",
						"location":"A3",
						"responsibles":["Dr. Elkin Lozano"]
					},
					{
						"name":"Sindrome de canal cubital: cirugía endoncopica Vs Abierta",
						"description":"",
						"startTime": "2017-08-26T11:40",
						"endTime":"2017-08-26T11:50",
						"location":"A3",
						"responsibles":["Dra. Pilar Pradilla"]
					},
					{
						"name":"Inestabilidad postero lateral rotatoria, ¿que hacer?",
						"description":"",
						"startTime": "2017-08-26T11:50",
						"endTime":"2017-08-26T12:00",
						"location":"A3",
						"responsibles":["Dr. Edgar Henao"]
					}
				]
			},
			{
				"name":"Ceremonia de Clausura - Closing Ceremony ",
				"description":"",
				"startTime": "2017-08-26T12:00",
				"endTime":"2017-08-26T12:30",
				"location":"A3",
				"responsibles": [],
				"indexed":true
			}
		]
	},









 






	{
		"name": "Ascotema",
		"startDate": "2017-08-23",
		"endDate": "2017-08-26",
		"locations":[
			{
				"id":"B1",
				"name":"Centro Médico Carlos Ardila Lulle.",
				"address":"Cra 24 No 154-106 El Bosque",
				"city":"FloridaBlanca - Santander"
			},
			{
				"id":"B2",
				"name":"Salón Grill 2"
			},
			{
				"id":"B3",
				"name":"Salón Múltiple"
			},
			{
				"id":"B4",
				"name":"Terraza Club Campestre / Terrace Countru Club"
			}
		],
		"activities" : [
			{
				"name":"Talleres Precongreso",
				"description":"",
				"startTime": "2017-08-23T14:00",
				"endTime":"2017-08-23T18:00",
				"location":"B1",
				"responsibles": [],
				"indexed":true,

				"activityItems":[
					{
						"name":"1. Evaluación de la mano",
						"startTime": "2017-08-23T14:00",
						"endTime":"2017-08-23T18:00",
						"location":"B1",
						"responsibles":[]
					},
					{
						"name":"2. Evaluación del Cuadrante Superior desde las cadenas musculares",
						"startTime": "2017-08-23T14:00",
						"endTime":"2017-08-23T18:00",
						"location":"B1",
						"responsibles":[]
					}
				]
			},

			{
				"name":"Almuerzo",
				"description":"",
				"startTime": "2017-08-24T12:30",
				"endTime":"2017-08-24T13:30",
				"location":"B2",
				"responsibles": [],
				"indexed":false
			},

			{
				"name":"Módulo 1: Rígidez del Miembro Superior",
				"description":"",
				"startTime": "2017-08-24T13:30",
				"endTime":"2017-08-24T16:30",
				"location":"B2",
				"responsibles": [],
				"indexed":true,

				"activityItems":[
					{
						"name":"Analizando desde la visión terapéutica la IFP",
						"startTime": "2017-08-24T15:00",
						"endTime":"2017-08-24T18:30",
						"location":"B2",
						"responsibles":["OT. Francoise Cherry"]
					},
					{
						"name":"Analizando desde la visión terapéutica la muñeca Rigida",
						"startTime": "2017-08-24T15:00",
						"endTime":"2017-08-24T18:30",
						"location":"B2",
						"responsibles":["OT. Francoise Cherry"]
					},
					{
						"name":"Analizando desde la visión terapéutica el codo Rígido",
						"startTime": "2017-08-24T15:00",
						"endTime":"2017-08-24T15:15",
						"location":"B2",
						"responsibles":["FT. Adiela Estrada"]
					},
					{
						"name":"Analizando desde la visión terapéutica la capsulitis adhesiva del hombro.",
						"startTime": "2017-08-24T15:15",
						"endTime":"2017-08-24T15:30",
						"location":"B2",
						"responsibles":["FT. Adiela Estrada"]
					},
					{
						"name":"Aplicación de Técnicas desde la terapia manual ortopédica en rigidez articular del miembro superior.",
						"startTime": "2017-08-24T15:30",
						"endTime":"2017-08-24T15:45",
						"location":"B2",
						"responsibles":["FT. Diana Zapata"]
					},
					{
						"name":"Aplicación de Pruebas Terapéuticas basados en la evidencia",
						"startTime": "2017-08-24T15:45",
						"endTime":"2017-08-24T16:00",
						"location":"B2",
						"responsibles":["FT. Adiela Estrada"]
					},
					{
						"name":"Preguntas",
						"startTime": "2017-08-24T16:00",
						"endTime":"2017-08-24T16:15",
						"location":"B2",
						"responsibles":[]
					},
					{
						"name":"Coffe Break",
						"startTime": "2017-08-24T16:15",
						"endTime":"2017-08-24T16:30",
						"location":"B2",
						"responsibles":[]
					},
					{
						"name":"Ceremonia de Inauguración",
						"startTime": "2017-08-24T16:30",
						"endTime":"2017-08-24T17:00",
						"location":"B2",
						"responsibles":[]
					}
				]
			},
			{
				"name":"Módulo 2: Osteoartrosis Articulación Trapecio MTC",
				"description":"",
				"startTime":"2017-08-25T08:00",
				"endTime":"2017-08-25T10:00",
				"location":"B2",
				"responsibles": [],
				"indexed":true,
				"activityItems":[
					{
						"name":"Revisión Anatómica y Biomecánica de la ATMC",
						"startTime": "2017-08-25T08:00",
						"endTime":"2017-08-25T08:15",
						"location":"B2",
						"responsibles":["Dr. Guillermo Varón"]
					},
					{
						"name":"Manejo terapeutico de la OA TMC a través del ejercicios de Fortalecimiento y estiramiento.",
						"startTime": "2017-08-25T08:15",
						"endTime":"2017-08-25T08:30",
						"location":"B2",
						"responsibles":["Ft. Adiela Estrada"]
					},
					{
						"name":"Una mirada de la OA TMC desde la Terapia manual ortopédica.",
						"startTime": "2017-08-25T08:50",
						"endTime":"2017-08-25T09:00",
						"location":"B2",
						"responsibles":["Ft. Diana Zapata"]
					},
					{
						"name":"Educación al paciente en OATMC desde la perspectiva de la TO.",
						"startTime": "2017-08-25T09:00",
						"endTime":"2017-08-25T09:15",
						"location":"B2",
						"responsibles":["TO. Paola Bernal"]
					},
					{
						"name":"Ortesis para la OA TMC (Panel)",
						"startTime": "2017-08-25T09:40",
						"endTime":"2017-08-25T10:00",
						"location":"B2",
						"responsibles":["OT. Francoise Cherry", "Ft. Adiela Estrada", "TO. Luz Mery Cuerv"]
					},
					{
						"name":"Coffe Break",
						"startTime": "2017-08-25T10:00",
						"endTime":"2017-08-25T10:30",
						"location":"B2",
						"responsibles":[]
					}
				]
			},
			{
				"name":"Módulo 3: Nervio - Dolor",
				"description":"",
				"startTime":"2017-08-25T10:30",
				"endTime":"2017-08-25T12:00",
				"location":"B2",
				"responsibles": [],
				"indexed":true,
				"activityItems":[
					{
						"name":"Biomecánica de los nervio digitales y su importancia en la rehabilitación.",
						"startTime": "2017-08-25T10:30",
						"endTime":"2017-08-25T10:45",
						"location":"B2",
						"responsibles":["Dr. Santiago Salazar"]
					},
					{
						"name":"Utilidad de los test neurodinámicos en la evaluación, diagnóstico diferencial y tratamiento del miembro superior.",
						"startTime": "2017-08-25T10:45",
						"endTime":"2017-08-25T11:00",
						"location":"B2",
						"responsibles":["Ft. Diana Zapata"]
					},
					{
						"name":"Preguntas",
						"startTime": "2017-08-25T11:00",
						"endTime":"2017-08-25T11:15",
						"location":"B2",
						"responsibles":[]
					},
					{
						"name":"Neurociencia de dolor",
						"startTime": "2017-08-25T11:15",
						"endTime":"2017-08-25T11:30",
						"location":"B2",
						"responsibles":["Dr. Omar F. Gómez"]
					},
					{
						"name":"Principios de Therapeutic Neuroscience Education (TNE)",
						"startTime": "2017-08-25T11:30",
						"endTime":"2017-08-25T11:45",
						"location":"B2",
						"responsibles":["OT.Francoise Cherry"]
					},
					{
						"name":"Preguntas",
						"startTime": "2017-08-25T11:45",
						"endTime":"2017-08-25T12:00",
						"location":"B2",
						"responsibles":[]
					}
				]
			},
			{
				"name":"Asamblea ASCOTEMA",
				"description":"",
				"startTime":"2017-08-25T12:00",
				"endTime":"2017-08-25T14:30",
				"location":"B3",
				"responsibles": [],
				"indexed":true
			},
			{
				"name":"Cena de Clausura / Closing Dinner",
				"description":"",
				"startTime":"2017-08-25T12:00",
				"endTime":"2017-08-25T14:30",
				"location":"B4",
				"responsibles": [],
				"indexed":true
			},
			{
				"name":"Taller: Relative Motion",
				"description":"Conceptualización y taller demostrativo",
				"startTime":"2017-08-26T08:00",
				"endTime":"2017-08-26T09:00",
				"location":"B2",
				"responsibles": ["OT.Francoise Cherry"],
				"indexed":true
			},
			{
				"name":"Ceremonia de Clausura - Closing Ceremony",
				"description":"",
				"startTime":"2017-08-26T12:00",
				"endTime":"2017-08-26T12:30",
				"location":"B2",
				"responsibles": [],
				"indexed":true
			}
		]
	}
]




